{
  "train": {
    "overall": {
      "accuracy": 0.9611280487804879,
      "precision": 0.6494845360824743,
      "recall": 0.5971563981042654,
      "f1_score": 0.6222222222222222,
      "mse": 0.00690236501646528,
      "mae": 0.04369496696374784
    },
    "macro": {
      "precision": 0.567615629984051,
      "recall": 0.5280206056121706,
      "f1_score": 0.54663500927475
    },
    "per_emotion": {
      "anger": {
        "precision": 0.56,
        "recall": 0.5283018867924528,
        "f1_score": 0.5436893203883495,
        "mse": 0.010796339068684789,
        "mae": 0.05826627419557561,
        "mean_prediction": 0.15934297442436218,
        "mean_true": 0.14956703484807196
      },
      "sadness": {
        "precision": 0.5606060606060606,
        "recall": 0.5606060606060606,
        "f1_score": 0.5606060606060606,
        "mse": 0.012810917032586917,
        "mae": 0.06954718487560665,
        "mean_prediction": 0.1798410266637802,
        "mean_true": 0.1749402901294356
      },
      "anxiety": {
        "precision": 0.0,
        "recall": 0.0,
        "f1_score": 0.0,
        "mse": 0.002516210676090737,
        "mae": 0.024697909005315693,
        "mean_prediction": 0.06773089617490768,
        "mean_true": 0.0598966261161383
      },
      "fear": {
        "precision": 0.75,
        "recall": 0.7058823529411765,
        "f1_score": 0.7272727272727273,
        "mse": 0.004554561246446658,
        "mae": 0.033681260404442796,
        "mean_prediction": 0.09313952922821045,
        "mean_true": 0.08291811846689895
      },
      "happiness": {
        "precision": 0.868421052631579,
        "recall": 0.7333333333333333,
        "f1_score": 0.7951807228915663,
        "mse": 0.0044610530866039215,
        "mae": 0.03481963115116739,
        "mean_prediction": 0.12468147277832031,
        "mean_true": 0.11844257793571314
      },
      "guilt": {
        "precision": 0.6666666666666666,
        "recall": 0.64,
        "f1_score": 0.6530612244897959,
        "mse": 0.006275108988378678,
        "mae": 0.0411575421503789,
        "mean_prediction": 0.11028889566659927,
        "mean_true": 0.10122307281466976
      }
    }
  },
  "test": {
    "overall": {
      "accuracy": 0.9696969696969697,
      "precision": 0.7714285714285715,
      "recall": 0.5510204081632653,
      "f1_score": 0.6428571428571429,
      "mse": 0.0070306430903407996,
      "mae": 0.04174764049017263
    },
    "macro": {
      "precision": 0.6597883597883597,
      "recall": 0.5053872053872054,
      "f1_score": 0.565
    },
    "per_emotion": {
      "anger": {
        "precision": 0.7142857142857143,
        "recall": 0.45454545454545453,
        "f1_score": 0.5555555555555556,
        "mse": 0.010478388628454141,
        "mae": 0.05374462921205625,
        "mean_prediction": 0.13456439971923828,
        "mean_true": 0.13186123243609277
      },
      "sadness": {
        "precision": 0.8,
        "recall": 0.5333333333333333,
        "f1_score": 0.64,
        "mse": 0.012231124058673838,
        "mae": 0.06512766117747325,
        "mean_prediction": 0.15337027609348297,
        "mean_true": 0.15460124712832296
      },
      "anxiety": {
        "precision": 0.0,
        "recall": 0.0,
        "f1_score": 0.0,
        "mse": 0.0022676334612234355,
        "mae": 0.022116037627589482,
        "mean_prediction": 0.05559170991182327,
        "mean_true": 0.05446563919291191
      },
      "fear": {
        "precision": 1.0,
        "recall": 0.6,
        "f1_score": 0.75,
        "mse": 0.004103532247580952,
        "mae": 0.030382200420833453,
        "mean_prediction": 0.07546564191579819,
        "mean_true": 0.07539971139971141
      },
      "happiness": {
        "precision": 0.7777777777777778,
        "recall": 0.7777777777777778,
        "f1_score": 0.7777777777777778,
        "mse": 0.0062830056800437075,
        "mae": 0.04031807479305711,
        "mean_prediction": 0.11430422216653824,
        "mean_true": 0.10325683323299217
      },
      "guilt": {
        "precision": 0.6666666666666666,
        "recall": 0.6666666666666666,
        "f1_score": 0.6666666666666666,
        "mse": 0.006820174466068723,
        "mae": 0.038797239710026195,
        "mean_prediction": 0.09059024602174759,
        "mean_true": 0.09221853572218533
      }
    }
  }
}