{
  "mean": [
    0.0,
    0.0,
    0.39589524969549306,
    0.0,
    0.34408038976857463,
    0.3154080389768577,
    0.6453714981729598,
    0.7768940316686971,
    0.0,
    0.0,
    0.0,
    0.0
  ],
  "scale": [
    1.0,
    1.0,
    0.6089201590014406,
    1.0,
    0.5095729514080092,
    0.6702961589406244,
    0.73591939704294,
    0.651233982604073,
    1.0,
    1.0,
    1.0,
    1.0
  ]
}