Image,Valences
E04_CT_M_c01.jpg,0.011041667
E04_CT_M_c02.jpg,0.2233333333333333
E04_CT_M_c03.jpg,0.4479166666666667
E04_CT_M_c04.jpg,0.493125
E04_CT_M_c05.jpg,0.6547916666666665
E04_CT_M_c06.jpg,0.6689583333333333
E04_CT_M_c07.jpg,0.6966666666666667
E04_CT_M_c08.jpg,0.5735416666666667
E04_CT_M_c09.jpg,0.598125
E04_CT_M_c10.jpg,0.5420833333333334
E04_CT_M_c11.jpg,0.5631250000000002
E04_CT_M_c12.jpg,0.5904166666666667
E04_CT_M_c13.jpg,0.6768749999999999
