Image,Valences
E06_CT_M_c01.jpg,0.0
E06_CT_M_c02.jpg,-0.0015
E06_CT_M_c03.jpg,0.0299999999999999
E06_CT_M_c04.jpg,-0.071
E06_CT_M_c05.jpg,0.0554999999999999
E06_CT_M_c06.jpg,0.421
E06_CT_M_c07.jpg,0.373
E06_CT_M_c08.jpg,0.3125
E06_CT_M_c09.jpg,0.1974999999999999
E06_CT_M_c10.jpg,0.2349999999999999
E06_CT_M_c11.jpg,0.1664999999999999
E06_CT_M_c12.jpg,0.2625
E06_CT_M_c13.jpg,0.2174999999999999
