Image,Valences
E08_CT_P_c01.jpg,-0.097333333
E08_CT_P_c02.jpg,0.2776666666666667
E08_CT_P_c03.jpg,0.3246666666666666
E08_CT_P_c04.jpg,0.328
E08_CT_P_c05.jpg,0.377
E08_CT_P_c06.jpg,0.4433333333333333
E08_CT_P_c07.jpg,0.5093333333333334
E08_CT_P_c08.jpg,0.5566666666666668
E08_CT_P_c09.jpg,0.5563333333333333
E08_CT_P_c10.jpg,0.55
E08_CT_P_c11.jpg,0.5370000000000001
E08_CT_P_c12.jpg,0.5693333333333334
E08_CT_P_c13.jpg,0.4446666666666667
