Image,Valences
E09_CT_N_c01.jpg,0.0
E09_CT_N_c02.jpg,0.0091666666666666
E09_CT_N_c03.jpg,-0.0166666666666666
E09_CT_N_c04.jpg,-0.1275
E09_CT_N_c05.jpg,-0.23125
E09_CT_N_c06.jpg,-0.34125
E09_CT_N_c07.jpg,-0.3029166666666666
E09_CT_N_c08.jpg,-0.2879166666666666
E09_CT_N_c09.jpg,-0.4308333333333333
E09_CT_N_c10.jpg,-0.5091666666666667
