Image,Valences
E09_CT_M_c01.jpg,0.0
E09_CT_M_c02.jpg,-0.0985714285714285
E09_CT_M_c03.jpg,-0.2082142857142857
E09_CT_M_c04.jpg,0.0421428571428571
E09_CT_M_c05.jpg,-0.0239285714285714
E09_CT_M_c06.jpg,0.1946428571428571
E09_CT_M_c07.jpg,0.2249999999999999
E09_CT_M_c08.jpg,0.1232142857142856
E09_CT_M_c09.jpg,0.1025
E09_CT_M_c10.jpg,0.0353571428571428
