Image,Valences
E09_CT_P_c01.jpg,0.0
E09_CT_P_c02.jpg,0.0035714285714285
E09_CT_P_c03.jpg,0.0057142857142857
E09_CT_P_c04.jpg,0.075
E09_CT_P_c05.jpg,0.0025
E09_CT_P_c06.jpg,-0.0957142857142857
E09_CT_P_c07.jpg,-0.0810714285714285
E09_CT_P_c08.jpg,-0.0982142857142857
E09_CT_P_c09.jpg,-0.0607142857142857
E09_CT_P_c10.jpg,-0.0907142857142857
E09_CT_P_c11.jpg,-0.1635714285714285
E09_CT_P_c12.jpg,0.1117857142857142
E09_CT_P_c13.jpg,0.19
E09_CT_P_c14.jpg,0.185
