Image,Valences
E10_CT_M_c01.jpg,0.0
E10_CT_M_c02.jpg,-0.049
E10_CT_M_c03.jpg,0.0013333333333333
E10_CT_M_c04.jpg,0.0433333333333333
E10_CT_M_c05.jpg,0.077
E10_CT_M_c06.jpg,0.2113333333333333
E10_CT_M_c07.jpg,0.3706666666666666
E10_CT_M_c08.jpg,0.4439999999999999
