Image,Valences
E11_CT_N_c01.jpg,0.0
E11_CT_N_c02.jpg,-0.1270833333333333
E11_CT_N_c03.jpg,-0.14375
E11_CT_N_c04.jpg,-0.13375
E11_CT_N_c05.jpg,-0.0279166666666666
E11_CT_N_c06.jpg,0.09875
E11_CT_N_c07.jpg,0.0608333333333333
E11_CT_N_c08.jpg,0.0741666666666666
E11_CT_N_c09.jpg,0.0804166666666666
E11_CT_N_c10.jpg,-0.0370833333333333
E11_CT_N_c11.jpg,-0.0616666666666666
