Image,Valences
E11_CT_M_c01.jpg,0.0
E11_CT_M_c02.jpg,-0.1
E11_CT_M_c03.jpg,-0.046
E11_CT_M_c04.jpg,0.106
E11_CT_M_c05.jpg,0.125
E11_CT_M_c06.jpg,0.205
E11_CT_M_c07.jpg,0.2135
E11_CT_M_c08.jpg,0.1629999999999999
E11_CT_M_c09.jpg,0.1629999999999999
E11_CT_M_c10.jpg,0.1629999999999999
E11_CT_M_c11.jpg,0.1629999999999999
E11_CT_M_c12.jpg,0.075
