Image,Valences
E14_CT_N_c01.jpg,0.0
E14_CT_N_c02.jpg,0.019642857
E14_CT_N_c03.jpg,0.023928571
E14_CT_N_c04.jpg,-0.028214286
E14_CT_N_c05.jpg,-0.030714286
E14_CT_N_c06.jpg,-0.069285714
E14_CT_N_c07.jpg,0.1660714285714285
E14_CT_N_c08.jpg,0.2492857142857143
E14_CT_N_c09.jpg,0.2464285714285714
E14_CT_N_c10.jpg,0.2660714285714286
E14_CT_N_c11.jpg,0.205
E14_CT_N_c12.jpg,0.1839285714285714
