Image,Valences
E16_CT_M_c01.jpg,0.0
E16_CT_M_c02.jpg,-0.0783333333333333
E16_CT_M_c03.jpg,-0.1538888888888888
E16_CT_M_c04.jpg,-0.1688888888888889
E16_CT_M_c05.jpg,-0.1138888888888889
E16_CT_M_c06.jpg,0.0266666666666666
E16_CT_M_c07.jpg,-0.0438888888888889
E16_CT_M_c08.jpg,-0.0577777777777777
E16_CT_M_c09.jpg,-0.1355555555555555
E16_CT_M_c10.jpg,-0.0944444444444444
