Image,Valences
E16_CT_P_c01.jpg,0.0
E16_CT_P_c02.jpg,-0.0842307692307692
E16_CT_P_c03.jpg,-0.09
E16_CT_P_c04.jpg,-0.1123076923076923
E16_CT_P_c05.jpg,-0.133076923076923
E16_CT_P_c06.jpg,-0.028076923076923
E16_CT_P_c07.jpg,-0.2003846153846153
E16_CT_P_c08.jpg,-0.2926923076923077
E16_CT_P_c09.jpg,-0.2923076923076922
E16_CT_P_c10.jpg,-0.2403846153846154
E16_CT_P_c11.jpg,-0.2461538461538461
