Image,Valences
E17_CT_M_c01.jpg,0.0
E17_CT_M_c02.jpg,0.2479999999999999
E17_CT_M_c03.jpg,0.358
E17_CT_M_c04.jpg,0.501
E17_CT_M_c05.jpg,0.5399999999999999
E17_CT_M_c06.jpg,0.4563333333333332
E17_CT_M_c07.jpg,0.444
E17_CT_M_c08.jpg,0.4413333333333333
E17_CT_M_c09.jpg,0.4146666666666666
E17_CT_M_c10.jpg,0.4213333333333333
E17_CT_M_c11.jpg,0.6043333333333334
E17_CT_M_c12.jpg,0.5993333333333335
