Image,Valences
E18_CT_M_c01.jpg,0.0
E18_CT_M_c02.jpg,-0.0497058823529411
E18_CT_M_c03.jpg,0.0517647058823529
E18_CT_M_c04.jpg,0.0367647058823529
E18_CT_M_c05.jpg,0.098235294117647
E18_CT_M_c06.jpg,-0.0894117647058823
